design,seed,lut,ff,carry4,fmax_mhz
ternary,1,321,114,14,193.42
ternary,2,321,114,14,191.31
ternary,3,321,114,14,192.38
ternary,4,321,114,14,190.40
ternary,5,321,114,14,191.31
ternary,6,321,114,14,175.69
ternary,7,321,114,14,188.36
ternary,8,321,114,14,164.37
ternary,9,321,114,14,171.59
ternary,10,321,114,14,176.62
ternary,11,321,114,14,185.94
ternary,12,321,114,14,164.15
ternary,13,321,114,14,167.76
ternary,14,321,114,14,187.09
ternary,15,321,114,14,181.92
ternary,16,321,114,14,200.40
ternary,17,321,114,14,187.23
ternary,18,321,114,14,183.49
ternary,19,321,114,14,194.14
ternary,20,321,114,14,188.64
int8,1,471,114,16,204.46
int8,2,471,114,16,215.15
int8,3,471,114,16,209.07
int8,4,471,114,16,192.75
int8,5,471,114,16,209.82
int8,6,471,114,16,199.76
int8,7,471,114,16,197.28
int8,8,471,114,16,215.61
int8,9,471,114,16,210.79
int8,10,471,114,16,207.30
int8,11,471,114,16,214.64
int8,12,471,114,16,210.70
int8,13,471,114,16,216.36
int8,14,471,114,16,224.16
int8,15,471,114,16,214.87
int8,16,471,114,16,206.27
int8,17,471,114,16,215.66
int8,18,471,114,16,216.17
int8,19,471,114,16,218.25
int8,20,471,114,16,214.27
