design,seed,lut,ff,carry4,fmax_mhz,logic_ns,routing_ns
ternary_tag,1,331,114,15,220.31,1.9,2.7
ternary_tag,2,331,114,15,188.22,2.0,3.4
ternary_tag,3,331,114,15,178.0,1.8,3.9
ternary_tag,4,331,114,15,183.99,1.8,3.7
ternary_tag,5,331,114,15,213.9,1.7,2.9
ternary_tag,6,331,114,15,182.52,2.0,3.5
ternary_tag,7,331,114,15,190.84,0.4,4.8
ternary_tag,8,331,114,15,194.44,2.0,3.2
ternary_tag,9,331,114,15,184.06,1.9,3.6
ternary_tag,10,331,114,15,216.97,1.8,2.8
ternary_tag,11,331,114,15,216.08,2.0,2.7
ternary_tag,12,331,114,15,189.36,1.7,3.5
ternary_tag,13,331,114,15,201.82,1.6,3.3
ternary_tag,14,331,114,15,221.58,2.0,2.5
ternary_tag,15,331,114,15,194.25,2.0,3.2
ternary_tag,16,331,114,15,212.4,2.0,2.7
ternary_tag,17,331,114,15,186.25,1.8,3.5
ternary_tag,18,331,114,15,190.91,2.0,3.3
ternary_tag,19,331,114,15,211.19,1.7,3.0
ternary_tag,20,331,114,15,207.99,2.0,2.8
